13DAMPPOX	1	1
24_25VITD2Hm	1	1
24_25VITD3Hm	1	1
25VITD2Hm	1	1
25VITD3Hm	1	1
2AMACHYD	1	1
2AMACSULT	1	1
2HBO	1	1
34DHOXPEGOX	1	1
34DHPHAMT	1	1
34DHPLACOX	1	1
34DHPLACOX_NADP_	1	1
34DHXMANDACOX	1	1
34DHXMANDACOX_NADP_	1	1
34HPPOR	1	1
3AIBTm	1	1
3DSPHR	1	1
3HAO	1	1
3HBCDm	1	1
3HKYNAKGAT	1	1
3HLYTCL	1	1
3HPCOAHYD	1	1
3HXKYNDCL	1	1
3HXKYNOXDA	1	1
3M4HDXPAC	1	1
3MOX4HOXPGALDOX	1	1
3MOX4HOXPGALDOX_NADP_	1	1
3MOXTYROX	1	1
3NTD7l	1	1
3SALACBOXL	1	1
3SALATAi	1	1
3SALATAim	1	1
41R2A1H12BOOX	1	1
42A12BOOX	1	1
4HGLSDm	1	1
4HOXPACDOX_NADP_	1	1
4NPHSULT	1	1
5ADTSTSTERONESULT	1	1
5HLTDL	1	1
5HOXINDACTO2OX	1	1
5HOXINDACTOXm	1	1
5HOXINOXDA	1	1
5HTRPDOX	1	1
5HXKYNDCL	1	1
5HXKYNOXDA	1	1
AACTOOR	1	1
AATAi	1	1
ABO1g	1	1
ABO2g	1	1
ABO3g	1	1
ABO4g	1	1
ABO5g	1	1
ABO6g	1	1
ABO9g	1	1
ABTArm	1	1
ACACT10m	1	1
ACACT1rm	1	1
ACACT1x	1	1
ACACT4p	1	1
ACACT5p	1	1
ACACT6p	1	1
ACACT7p	1	1
ACACT8p	1	1
ACACT9p	1	1
ACCOACm	1	1
ACCOALm	1	1
ACGAM6PSi	1	1
ACGAMK	1	1
ACGAMPM	1	1
ACGPID	1	1
ACGSm	1	1
ACHEe	1	1
ACITL	1	1
ACNAMPH	1	1
ACOAD10m	1	1
ACOAD1fm	1	1
ACOAD8m	1	1
ACOAD9m	1	1
ACOAHi	1	1
ACOAO7p	1	1
ACODA	1	1
ACONTm	1	1
ACOX22x	1	1
ACOX2x	1	1
ACP1_FMN_	1	1
ACS2	1	1
ACSm	1	1
ACSOMT	1	1
ACSRTNMT	1	1
ACTLMO	1	1
ACTNMO	1	1
ADA	1	1
ADAe	1	1
ADK3	1	1
ADK3m	1	1
ADMDC	1	1
ADNCYC	1	1
ADRNCPT1	1	1
ADRNCPT2	1	1
ADRNCRNt	1	1
ADSELK	1	1
ADSK	1	1
AGPRim	1	1
AGTim	1	1
AGTix	1	1
AIRCr	1	1
AKR1C1	1	1
AKR1C41	1	1
AKR1C42	1	1
AKR1D	1	1
AKR1D2	1	1
ALASm	1	1
ALATA_L	1	1
ALCD21_D	1	1
ALCD21_L	1	1
ALCD22_D	1	1
ALCD22_L	1	1
ALCD2if	1	1
ALCD2yf	1	1
ALDD20x	1	1
ALDD20xm	1	1
ALDD21	1	1
ALKP	1	1
ALOX12	1	1
ALOX12R	1	1
ALOX15	1	1
ALOX5	1	1
ALOX52	1	1
ALR2	1	1
ALR3	1	1
AMACR2p	1	1
AMACR2r	1	1
AMACRp	1	1
AMACRr	1	1
AMPDA	1	1
APAT2rm	1	1
APRTO2	1	1
ARABR	1	1
ARACHCPT1	1	1
ARACHCPT2	1	1
ARACHCRNt	1	1
ARGDCm	1	1
ASNNm	1	1
ASPTAm	1	1
ATPH1e	1	1
ATPH2e	1	1
B3GALT3g	1	1
B3GALT41g	1	1
B3GALT42g	1	1
B3GALT43g	1	1
B3GALT5g	1	1
B3GNT310g	1	1
B3GNT311g	1	1
B3GNT314g	1	1
BAAT1x	1	1
BAAT2x	1	1
BAAT3x	1	1
BAAT4x	1	1
BAMPPALDOX	1	1
BAMPPALDOXm	1	1
BCDO	1	1
BDHm	1	1
BILIRED	1	1
BPNT2	1	1
BUP2	1	1
C14STRr	1	1
C160CPT1	1	1
C160CPT2	1	1
C160CRNt	1	1
C161CPT1	1	1
C161CPT12	1	1
C161CPT2	1	1
C161CPT22	1	1
C161CRN2t	1	1
C161CRNt	1	1
C180CPT1	1	1
C180CPT2	1	1
C180CRNt	1	1
C181CPT1	1	1
C181CPT2	1	1
C181CRNt	1	1
C204CRNt	1	1
C226CPT1	1	1
C226CPT2	1	1
C2M26DCOAHLm	1	1
C2M26DCOAHLx	1	1
C3STDH1Pr	1	1
C3STDH1r	1	1
C3STKR2r	1	1
C4STMO1r	1	1
C4STMO2Pr	1	1
C4STMO2r	1	1
CAT2p	1	1
CBR1	1	1
CBR2	1	1
CERK	1	1
CH25H	1	1
CHAT	1	1
CHATn	1	1
CHLP	1	1
CHOLD2m	1	1
CHOLK	1	1
CHSTEROLSULT	1	1
CHTNASE	1	1
CHTNASEe	1	1
CK	1	1
CKc	1	1
CLPNDCPT1	1	1
CLPNDCPT2	1	1
CLPNDCRNt	1	1
COQ3m	1	1
COQ6m	1	1
COQ7m	1	1
CSm	1	1
CSNAT2m	1	1
CSNAT2x	1	1
CSNAT3x	1	1
CSNATer	1	1
CSNATm	1	1
CSNATp	1	1
CSNATr	1	1
CYSO	1	1
CYSTA	1	1
CYSTAm	1	1
CYTD	1	1
CYTDK1	1	1
CYTDn	1	1
CYTK10	1	1
CYTK10n	1	1
CYTK11	1	1
CYTK11n	1	1
CYTK13	1	1
CYTK13n	1	1
CYTK14	1	1
CYTK14n	1	1
CYTK1m	1	1
CYTK1n	1	1
CYTK2n	1	1
CYTK3	1	1
CYTK3n	1	1
CYTK4	1	1
CYTK4n	1	1
CYTK5	1	1
CYTK5n	1	1
CYTK7	1	1
CYTK7n	1	1
CYTK8	1	1
CYTK8n	1	1
CYTK9	1	1
CYTK9n	1	1
D3AIBTm	1	1
DADA	1	1
DADAe	1	1
DALAOXx	1	1
DARGOp	1	1
DASCBR	1	1
DASPO1p	1	1
DCIm	1	1
DCK1n	1	1
DCK2n	1	1
DCSPTN1CPT1	1	1
DCSPTN1CPT2	1	1
DCSPTN1CRNt	1	1
DCT	1	1
DCYTD	1	1
DCYTDn	1	1
DESAT16_2	1	1
DESAT18_10	1	1
DESAT18_3	1	1
DESAT18_4	1	1
DESAT18_5	1	1
DESAT18_6	1	1
DESAT18_7	1	1
DESAT18_8	1	1
DESAT18_9	1	1
DESAT20_1	1	1
DESAT20_2	1	1
DESAT24_1	1	1
DGNSKm	1	1
DHAPA	1	1
DHAPAx	1	1
DHCR241r	1	1
DHCR242r	1	1
DHCR243r	1	1
DHCR71r	1	1
DHCR72r	1	1
DHCRD1	1	1
DHCRD2	1	1
DHDPBMTm	1	1
DHEASULT	1	1
DHORD9	1	1
DHPM1	1	1
DHPM2	1	1
DLNLCGCRNt	1	1
DOPACHRMISO	1	1
DOPAMT	1	1
DOPASULT	1	1
DORNOp	1	1
DPGase	1	1
DPGM	1	1
DPMVDx	1	1
DPROOp	1	1
DURAD	1	1
DURAD2	1	1
DURIK1	1	1
DURIK1m	1	1
DUTPDPm	1	1
DUTPDPn	1	1
EBP1r	1	1
EBP2r	1	1
ECOAH12m	1	1
ECOAH1m	1	1
ECOAH1x	1	1
ECOAH9m	1	1
EHGLATm	1	1
EICOSTETCPT1	1	1
EICOSTETCPT2	1	1
EICOSTETCRNt	1	1
ELAIDCPT1	1	1
ELAIDCPT2	1	1
ELAIDCRNt	1	1
ESTSULT	1	1
ETHAK	1	1
ETHP	1	1
ETOHMO	1	1
FACOAL140i	1	1
FACOAL150	1	1
FACOAL160i	1	1
FACOAL170	1	1
FACOAL180i	1	1
FACOAL1812	1	1
FACOAL1813	1	1
FACOAL181i	1	1
FACOAL1821	1	1
FACOAL1822	1	1
FACOAL1831	1	1
FACOAL1832	1	1
FACOAL184	1	1
FACOAL191	1	1
FACOAL200	1	1
FACOAL203	1	1
FACOAL204	1	1
FACOAL2042	1	1
FACOAL205	1	1
FACOAL206	1	1
FACOAL224	1	1
FACOAL2251	1	1
FACOAL2252	1	1
FACOAL226	1	1
FACOAL240	1	1
FACOAL241	1	1
FACOAL244_1	1	1
FACOAL245_1	1	1
FACOAL245_2	1	1
FACOAL246_1	1	1
FACOAL260	1	1
FACOAL40im	1	1
FACOAL80i	1	1
FAEL183	1	1
FAEL184	1	1
FAEL204	1	1
FAEL205	1	1
FAH1	1	1
FAH2	1	1
FAH3	1	1
FAOXC140	1	1
FAOXC150m	1	1
FAOXC160	1	1
FAOXC16080m	1	1
FAOXC16080x	1	1
FAOXC161802m	1	1
FAOXC16180m	1	1
FAOXC170m	1	1
FAOXC180	1	1
FAOXC180x	1	1
FAOXC1811601m	1	1
FAOXC1811602m	1	1
FAOXC1811603m	1	1
FAOXC182806m	1	1
FAOXC18280m	1	1
FAOXC183803m	1	1
FAOXC183806m	1	1
FAOXC183806x	1	1
FAOXC18480m	1	1
FAOXC18480x	1	1
FAOXC200180m	1	1
FAOXC200180x	1	1
FAOXC2031836m	1	1
FAOXC204	1	1
FAOXC204184m	1	1
FAOXC2051843m	1	1
FAOXC2051843x	1	1
FAOXC2242046m	1	1
FAOXC2242046x	1	1
FAOXC2251836m	1	1
FAOXC2251836x	1	1
FAOXC2252053m	1	1
FAOXC2252053x	1	1
FAOXC226	1	1
FAOXC226205m	1	1
FAOXC226205x	1	1
FAOXC240200x	1	1
FAOXC241181x	1	1
FAOXC2442246x	1	1
FAOXC2452253x	1	1
FAOXC2452256x	1	1
FAOXC246226x	1	1
FAOXC260240x	1	1
FAOXC80	1	1
FAS100COA	1	1
FAS120COA	1	1
FAS140COA	1	1
FAS160COA	1	1
FAS180COA	1	1
FAS80COA_L	1	1
FBP26	1	1
FK	1	1
FOLR2	1	1
FTHFDH	1	1
FUMm	1	1
FUT12g	1	1
FUT14g	1	1
FUT15g	1	1
FUT18g	1	1
FUT33g	1	1
FUT34g	1	1
FUT35g	1	1
FUT910g	1	1
FUT93g	1	1
G3PD2m	1	1
G5SDym	1	1
G6PDH1rer	1	1
G6PDH2rer	1	1
G6PPer	1	1
GACMTRc	1	1
GAL3ST12	1	1
GALGT2	1	1
GALGT3	1	1
GALGT4	1	1
GALOR	1	1
GARFT	1	1
GCALDDm	1	1
GFUCS	1	1
GHMT2rm	1	1
GK1m	1	1
GLACO	1	1
GLACOm	1	1
GLU5Km	1	1
GLUDC	1	1
GLUDxm	1	1
GLUDym	1	1
GLUNm	1	1
GLUTCOADHm	1	1
GLXO2p	1	1
GLYATm	1	1
GLYCLTDy	1	1
GLYCTO1p	1	1
GLYKm	1	1
GNDer	1	1
GNMT	1	1
GTHO	1	1
GTHOm	1	1
GTHP	1	1
GTHPe	1	1
GTHPm	1	1
GUACYC	1	1
GUAD	1	1
H2O2syn	1	1
HACD1m	1	1
HACD1x	1	1
HACD9m	1	1
HAS1	1	1
HEX10	1	1
HEX4	1	1
HEXCCPT1	1	1
HEXCCPT2	1	1
HEXCCRNt	1	1
HGNTOR	1	1
HIBDm	1	1
HISDC	1	1
HISTASE	1	1
HMGCOARr	1	1
HMGCOASi	1	1
HMGCOASim	1	1
HPDCACRNCPT1	1	1
HPDCACRNCPT2	1	1
HPDCACRNt	1	1
HPYRRy	1	1
HSD11B1r	1	1
HSD11B2r	1	1
HSD17B1	1	1
HSD17B2r	1	1
HSD17B42x	1	1
HSD17B4x	1	1
HSD17B7r	1	1
HSD17B8r	1	1
HSD17B9r	1	1
HSD3A1r	1	1
HSD3A2r	1	1
HSD3B11	1	1
HSD3B11r	1	1
HSD3B12r	1	1
HSD3B13	1	1
HSD3B13r	1	1
HSD3B2r	1	1
HSD3B3r	1	1
HSD3B7P	1	1
HYPOE	1	1
ICDHy	1	1
ICDHyp	1	1
ICDHyrm	1	1
ILETAm	1	1
IMACTD_m	1	1
INOSTO	1	1
IPDDIx	1	1
KAS8	1	1
KHK	1	1
KHK2	1	1
KHK3	1	1
KYN3OX	1	1
KYNAKGAT	1	1
LALDO2x	1	1
LAPCOAl	1	1
LCADi_D	1	1
LCADi_Dm	1	1
LCADim	1	1
LCYSTAT	1	1
LCYSTATm	1	1
LCYSTCBOXL	1	1
LDH_Lm	1	1
LEUTAm	1	1
LGNCCRNt	1	1
LNELDCCPT1	1	1
LNELDCCPT2	1	1
LNELDCCRNt	1	1
LNLCCPT1	1	1
LNLCCPT2	1	1
LNLCCRNt	1	1
LNLNCACPT1	1	1
LNLNCACPT2	1	1
LNLNCACRNt	1	1
LNLNCGCPT1	1	1
LNLNCGCPT2	1	1
LNLNCGCRNt	1	1
LNSTLSr	1	1
LPCOXp	1	1
LSTO1r	1	1
LSTO2r	1	1
LTA4H	1	1
LTDCL	1	1
LYSMTF1n	1	1
LYSMTF2n	1	1
LYSMTF3n	1	1
MACACI	1	1
MACOXO	1	1
MALTe	1	1
MALTly	1	1
MAOLNOR	1	1
MAOX	1	1
MCD	1	1
MCDm	1	1
MCDp	1	1
MCLOR	1	1
MCOATAm	1	1
MDHm	1	1
ME1m	1	1
ME2	1	1
ME2m	1	1
MELATN23DOX	1	1
MELATNOX	1	1
MEVK1x	1	1
MGCHrm	1	1
MHISOR	1	1
MI1345PKn	1	1
MI1345PP	1	1
MI1346PKn	1	1
MI134PP	1	1
MI1456PKn	1	1
MI145P6Kn	1	1
MI145PK	1	1
MI145PKn	1	1
MI145PP	1	1
MI14PP	1	1
MI1PS	1	1
MI34PP	1	1
MMCD	1	1
MMCDm	1	1
MMCDp	1	1
MMEm	1	1
MMMm	1	1
MMSAD1m	1	1
MMSAD3m	1	1
MTHFCm	1	1
MTHFD2m	1	1
MTHFDm	1	1
NABTNO	1	1
NABTNOm	1	1
NACASPAH	1	1
NDP10ex	1	1
NDP3ex	1	1
NDP6	1	1
NDP7er	1	1
NDP7ex	1	1
NDP7g	1	1
NDP8	1	1
NDP8ex	1	1
NDPK10	1	1
NDPK10m	1	1
NDPK1m	1	1
NDPK2m	1	1
NDPK3m	1	1
NDPK4m	1	1
NDPK5m	1	1
NDPK6m	1	1
NDPK7m	1	1
NDPK8m	1	1
NDPK9m	1	1
NMPTRCOX	1	1
NNMT	1	1
NORANMT	1	1
NOS1	1	1
NRPPHRSULT	1	1
NRVNCCPT1	1	1
NRVNCCPT2	1	1
NRVNCCRNt	1	1
NTD12	1	1
NTD1m	1	1
NTD2e	1	1
NTD2l	1	1
NTD2m	1	1
NTD3l	1	1
NTD4e	1	1
NTD4l	1	1
NTD5l	1	1
NTD5m	1	1
NTD6l	1	1
NTD7e	1	1
NTD7l	1	1
NTD8l	1	1
NTD9e	1	1
NTD9l	1	1
NTP3e	1	1
NTPP10	1	1
NTPP11	1	1
NTPP9	1	1
OCOAT1m	1	1
OPAHir	1	1
ORNTArm	1	1
P45011B11m	1	1
P45011B12m	1	1
P45011B21m	1	1
P45017A1r	1	1
P45017A3r	1	1
P4501B1r	1	1
P45021A1r	1	1
P45021A2r	1	1
P45027A11m	1	1
P45027A12m	1	1
P45027A13m	1	1
P45027A14m	1	1
P45027A15m	1	1
P45027A16m	1	1
P45027A1m	1	1
P4502A6	1	1
P4502C19	1	1
P4502C8	1	1
P4502C9	1	1
P4502C92	1	1
P4502C93	1	1
P4502C94	1	1
P4502D6	1	1
P4502E1	1	1
P4502F1	1	1
P45039A1r	1	1
P4503A43r	1	1
P4503A5	1	1
P4503A7r	1	1
P45046A1r	1	1
P4504B1r	1	1
P4504F121r	1	1
P4504F122r	1	1
P4504F123r	1	1
P4504F81r	1	1
P4507A1r	1	1
P4507B11r	1	1
P4507B12r	1	1
P4508B11r	1	1
P4508B13r	1	1
P5CDm	1	1
P5CRm	1	1
P5CRxm	1	1
PAFH	1	1
PAFHe	1	1
PCLAD	1	1
PCm	1	1
PCRNtm	1	1
PDE1	1	1
PDE1g	1	1
PDE4	1	1
PDE4g	1	1
PDE4n	1	1
PDHm	1	1
PDX5PO	1	1
PDXPP	1	1
PEAMNO	1	1
PEPCK	1	1
PEPCKm	1	1
PFK26	1	1
PGCD	1	1
PGDI	1	1
PGDIr	1	1
PGESr	1	1
PGISr	1	1
PGLer	1	1
PGPP_hs	1	1
PGS	1	1
PGSr	1	1
PHCDm	1	1
PHETA1m	1	1
PHYCBOXL	1	1
PHYHx	1	1
PI345P3P	1	1
PI345P3Pn	1	1
PI345P5P	1	1
PI34P5K	1	1
PI3P4K	1	1
PI3P5K	1	1
PI45P5P	1	1
PI4P3K	1	1
PI4P3Ker	1	1
PI4P5K	1	1
PI5P3K	1	1
PI5P3Ker	1	1
PI5P4K	1	1
PIK3	1	1
PIK3er	1	1
PIK4	1	1
PIK5	1	1
PMEVKx	1	1
PMI12346PH	1	1
PMI12346PHn	1	1
PMI1346PH	1	1
PMI1346PHn	1	1
PNTKm	1	1
PPCOAOm	1	1
PPDOx	1	1
PPDOy	1	1
PPOR	1	1
PPPGOm	1	1
PRDX	1	1
PRDXl	1	1
PRGNLONESULT	1	1
PRO1xm	1	1
PROD2m	1	1
PRPNCOAHYDm	1	1
PRPNCOAHYDx	1	1
PTDCACRNCPT1	1	1
PTDCACRNCPT2	1	1
PTDCACRNt	1	1
PTE2x	1	1
PTE3x	1	1
PTE4x	1	1
PTE5x	1	1
PTRCAT1	1	1
PTRCOX1	1	1
PYAM5POr	1	1
PYDXDH	1	1
PYDXK	1	1
PYDXPP	1	1
PYLALDOX	1	1
PYLALDOXm	1	1
PYRt2p	1	1
RAI3	1	1
RBK_D	1	1
RDH1	1	1
RDH1a	1	1
RDH2	1	1
RDH2a	1	1
RDH3	1	1
RDH3a	1	1
RDH4	1	1
RNMK	1	1
RTOTAL2CRNCPT1	1	1
RTOTAL2CRNCPT2	1	1
RTOTAL3CRNCPT1	1	1
RTOTAL3CRNCPT2	1	1
RTOTALCRNCPT1	1	1
RTOTALCRNCPT2	1	1
S23Tg	1	1
SADT	1	1
SALMCOM	1	1
SALMCOM2	1	1
SAMHISTA	1	1
SARDHm	1	1
SBPP1er	1	1
SBPP3er	1	1
SBTD_D2	1	1
SBTR	1	1
SELNPS	1	1
SERHL	1	1
SLCBK1	1	1
SLDx	1	1
SLDxm	1	1
SPHK21c	1	1
SPR	1	1
SPRn	1	1
SPTix	1	1
SQLEr	1	1
SQLSr	1	1
SR5AR2r	1	1
SR5ARr	1	1
SRTN23OX	1	1
SRTNACT	1	1
SRTNMTX	1	1
ST3GAL21g	1	1
ST3GAL22g	1	1
ST3GAL23g	1	1
ST3GAL61g	1	1
ST6GALNAC25	1	1
ST6GALNAC26	1	1
ST6GALNAC31	1	1
ST6GALNAC62	1	1
ST8SIA12	1	1
ST8SIA51g	1	1
ST8SIA52g	1	1
ST8SIA53g	1	1
STRDNCCPT1	1	1
STRDNCCPT2	1	1
STRDNCCRNt	1	1
STS1	1	1
STS1r	1	1
STS2	1	1
STS2r	1	1
T2M26DCOAHLm	1	1
T2M26DCOAHLx	1	1
T4HCINNOX	1	1
TETPENT3CPT1	1	1
TETPENT3CPT2	1	1
TETPENT3CRNt	1	1
TETPENT6CPT1	1	1
TETPENT6CPT2	1	1
TETPENT6CRNt	1	1
TETTET6CPT1	1	1
TETTET6CPT2	1	1
TETTET6CRNt	1	1
THBPT4ACAMDASE	1	1
THD1m	1	1
THMTP	1	1
THYPX	1	1
TMABADH	1	1
TMDK1m	1	1
TMNDNCCPT1	1	1
TMNDNCCPT2	1	1
TMNDNCCRNt	1	1
TRDR2	1	1
TRDR3	1	1
TREH	1	1
TREHe	1	1
TRIODTHYSULT	1	1
TRPO2	1	1
TRYPTAOX	1	1
TSTSTERONESULT	1	1
TTDCPT2	1	1
TTDCRNt	1	1
TXASr	1	1
TYMSULT	1	1
TYRCBOX	1	1
TYRDOPO	1	1
TYRDOPO3	1	1
TYROXDAc	1	1
TYRTAm	1	1
UDPGD	1	1
UDPGLDCg	1	1
UGALGTg	1	1
UGT1A10r	1	1
UGT1A1r	1	1
UGT1A2r	1	1
UGT1A3r	1	1
UGT1A4r	1	1
UGT1A5r	1	1
UGT1A5r2	1	1
UGT1A6r	1	1
UGT1A7r	1	1
UGT1A8r	1	1
UGT1A9r	1	1
UMPK2	1	1
UMPK2n	1	1
UMPK4	1	1
UMPK4n	1	1
UMPK5	1	1
UMPK5n	1	1
UMPK6	1	1
UMPK6n	1	1
UMPK7	1	1
UMPK7n	1	1
UMPKn	1	1
UPPN	1	1
UREAtm	1	1
URIDK2m	1	1
URIK1	1	1
VALTAm	1	1
VITD2Hm	1	1
VITD3Hm	1	1
VLCS2p	1	1
VLCS2r	1	1
VLCSp	1	1
VLCSr	1	1
XANDp	1	1
XAO2x	1	1
XAOx	1	1
XYLK	1	1
XYLUR	1	1
r0013	1	1
r0016	1	1
r0021	1	1
r0022	1	1
r0027	1	1
r0028	1	1
r0033	1	1
r0047	1	1
r0062	1	1
r0068	1	1
r0074	1	1
r0081	1	1
r0083	1	1
r0084	1	1
r0085	1	1
r0086	1	1
r0097	1	1
r0119	1	1
r0120	1	1
r0121	1	1
r0122	1	1
r0139	1	1
r0149	1	1
r0153	1	1
r0160	1	1
r0165	1	1
r0166	1	1
r0170	1	1
r0173	1	1
r0178	1	1
r0181	1	1
r0186	1	1
r0191	1	1
r0196	1	1
r0202	1	1
r0205	1	1
r0221	1	1
r0224	1	1
r0226	1	1
r0242	1	1
r0245	1	1
r0246	1	1
r0249	1	1
r0276	1	1
r0280	1	1
r0281	1	1
r0287	1	1
r0301	1	1
r0308	1	1
r0309	1	1
r0310	1	1
r0311	1	1
r0317	1	1
r0321	1	1
r0340	1	1
r0354	1	1
r0355	1	1
r0357	1	1
r0358	1	1
r0360	1	1
r0361	1	1
r0363	1	1
r0364	1	1
r0377	1	1
r0380	1	1
r0388	1	1
r0389	1	1
r0393	1	1
r0394	1	1
r0395	1	1
r0402	1	1
r0408	1	1
r0409	1	1
r0410	1	1
r0413	1	1
r0423	1	1
r0424	1	1
r0425	1	1
r0426	1	1
r0450	1	1
r0456	1	1
r0463	1	1
r0464	1	1
r0483	1	1
r0488	1	1
r0494	1	1
r0497	1	1
r0502	1	1
r0504	1	1
r0512	1	1
r0514	1	1
r0517	1	1
r0522	1	1
r0523	1	1
r0539	1	1
r0541	1	1
r0545	1	1
r0546	1	1
r0547	1	1
r0548	1	1
r0549	1	1
r0552	1	1
r0553	1	1
r0555	1	1
r0556	1	1
r0557	1	1
r0559	1	1
r0560	1	1
r0561	1	1
r0573	1	1
r0575	1	1
r0578	1	1
r0579	1	1
r0587	1	1
r0594	1	1
r0596	1	1
r0604	1	1
r0610	1	1
r0611	1	1
r0614	1	1
r0615	1	1
r0616	1	1
r0617	1	1
r0618	1	1
r0629	1	1
r0630	1	1
r0633	1	1
r0634	1	1
r0636	1	1
r0637	1	1
r0638	1	1
r0639	1	1
r0642	1	1
r0643	1	1
r0644	1	1
r0650	1	1
r0651	1	1
r0652	1	1
r0653	1	1
r0655	1	1
r0656	1	1
r0666	1	1
r0672	1	1
r0673	1	1
r0679	1	1
r0680	1	1
r0682	1	1
r0683	1	1
r0686	1	1
r0688	1	1
r0691	1	1
r0692	1	1
r0694	1	1
r0696	1	1
r0701	1	1
r0706	1	1
r0707	1	1
r0708	1	1
r0709	1	1
r0712	1	1
r0724	1	1
r0732	1	1
r0735	1	1
r0739	1	1
r0741	1	1
r0743	1	1
r0744	1	1
r0747	1	1
r0750	1	1
r0752	1	1
r0753	1	1
r0754	1	1
r0755	1	1
r0756	1	1
r0757	1	1
r0758	1	1
r0761	1	1
r0763	1	1
r0765	1	1
r0767	1	1
r0769	1	1
r0771	1	1
r0773	1	1
r0774	1	1
r0777	1	1
r0778	1	1
r0779	1	1
r0780	1	1
r0782	1	1
r0783	1	1
r0787	1	1
r0791	1	1
r0797	1	1
r0812	1	1
r1164	1	1
r1165	1	1
r1166	1	1
r1167	1	1
r1168	1	1
r1169	1	1
r1171	1	1
r1185	1	1
r1186	1	1
r1187	1	1
r1188	1	1
r1189	1	1
r1190	1	1
r1251	1	1
r1252	1	1
r1255	1	1
r1257	1	1
r1259	1	1
r1260	1	1
r1262	1	1
r1314	1	1
r1316	1	1
r1374	1	1
r1378	1	1
r1380	1	1
r1381	1	1
r1443	1	1
r1444	1	1
r1445	1	1
r1446	1	1
r1447	1	1
r1448	1	1
r1449	1	1
r1450	1	1
r1451	1	1
r1472	1	1
r1487	1	1
RE0066M	1	1
RE0066R	1	1
RE0344C	1	1
RE0344M	1	1
RE0344X	1	1
RE0383C	1	1
RE0453M	1	1
RE0453N	1	1
RE0512M	1	1
RE0512X	1	1
RE0565C	1	1
RE0568C	1	1
RE0569C	1	1
RE0569E	1	1
RE0572N	1	1
RE0573N	1	1
RE0577C	1	1
RE0577M	1	1
RE0577X	1	1
RE0578C	1	1
RE0578M	1	1
RE0578X	1	1
RE0579C	1	1
RE0579M	1	1
RE0579X	1	1
RE0580L	1	1
RE0580R	1	1
RE0581R	1	1
RE0582N	1	1
RE0583N	1	1
RE0688C	1	1
RE0688E	1	1
RE0688X	1	1
RE0689C	1	1
RE0689E	1	1
RE0689X	1	1
RE0690C	1	1
RE0690E	1	1
RE0690X	1	1
RE0702C	1	1
RE0702E	1	1
RE0702L	1	1
RE0702M	1	1
RE0702N	1	1
RE0827C	1	1
RE0827E	1	1
RE0827X	1	1
RE0828C	1	1
RE0828E	1	1
RE0828X	1	1
RE0830N	1	1
RE0908G	1	1
RE0908R	1	1
RE0912C	1	1
RE0916G	1	1
RE0916R	1	1
RE0918G	1	1
RE0918R	1	1
RE0919C	1	1
RE0919R	1	1
RE0920C	1	1
RE0920R	1	1
RE0921C	1	1
RE0921R	1	1
RE0922C	1	1
RE0922R	1	1
RE0923C	1	1
RE0923R	1	1
RE0924C	1	1
RE0924R	1	1
RE0925C	1	1
RE0925R	1	1
RE0927C	1	1
RE0927R	1	1
RE0928C	1	1
RE0928R	1	1
RE1096M	1	1
RE1096R	1	1
RE1099C	1	1
RE1099G	1	1
RE1099L	1	1
RE1099R	1	1
RE1100C	1	1
RE1100G	1	1
RE1100L	1	1
RE1100R	1	1
RE1134M	1	1
RE1134R	1	1
RE1135C	1	1
RE1135G	1	1
RE1135L	1	1
RE1135R	1	1
RE1233C	1	1
RE1233M	1	1
RE1308M	1	1
RE1309M	1	1
RE1310M	1	1
RE1311M	1	1
RE1441G	1	1
RE1441R	1	1
RE1447M	1	1
RE1448R	1	1
RE1514M	1	1
RE1514X	1	1
RE1516M	1	1
RE1516X	1	1
RE1517M	1	1
RE1517X	1	1
RE1518M	1	1
RE1518X	1	1
RE1519X	1	1
RE1520M	1	1
RE1520X	1	1
RE1521M	1	1
RE1521X	1	1
RE1522M	1	1
RE1522X	1	1
RE1523M	1	1
RE1523X	1	1
RE1525M	1	1
RE1525X	1	1
RE1526M	1	1
RE1526X	1	1
RE1527M	1	1
RE1527X	1	1
RE1530M	1	1
RE1531M	1	1
RE1531X	1	1
RE1532M	1	1
RE1532X	1	1
RE1533M	1	1
RE1533X	1	1
RE1534M	1	1
RE1534X	1	1
RE1573M	1	1
RE1573X	1	1
RE1582R	1	1
RE1587R	1	1
RE1709N	1	1
RE1711M	1	1
RE1796M	1	1
RE1796R	1	1
RE1804M	1	1
RE1806R	1	1
RE1807M	1	1
RE1809R	1	1
RE1811R	1	1
RE1812R	1	1
RE1819C	1	1
RE1819M	1	1
RE1819X	1	1
RE1826M	1	1
RE1827M	1	1
RE1828M	1	1
RE1829M	1	1
RE1830M	1	1
RE1834C	1	1
RE1834M	1	1
RE1834X	1	1
RE1835C	1	1
RE1835M	1	1
RE1835X	1	1
RE1845C	1	1
RE1845X	1	1
RE1860E	1	1
RE1904R	1	1
RE1905R	1	1
RE1906R	1	1
RE1938R	1	1
RE1941R	1	1
RE1942R	1	1
RE1943R	1	1
RE1952C	1	1
RE1952R	1	1
RE1952X	1	1
RE1956C	1	1
RE1956R	1	1
RE1956X	1	1
RE1957G	1	1
RE1957R	1	1
RE2030M	1	1
RE2031M	1	1
RE2032M	1	1
RE2048N	1	1
RE2050R	1	1
RE2051C	1	1
RE2051G	1	1
RE2051R	1	1
RE2111M	1	1
RE2112R	1	1
RE2117M	1	1
RE2146C	1	1
RE2146R	1	1
RE2147C	1	1
RE2149C	1	1
RE2149R	1	1
RE2150C	1	1
RE2150R	1	1
RE2151C	1	1
RE2151R	1	1
RE2155R	1	1
RE2156M	1	1
RE2221M	1	1
RE2223M	1	1
RE2235R	1	1
RE2349C	1	1
RE2349M	1	1
RE2360N	1	1
RE2382R	1	1
RE2383R	1	1
RE2387R	1	1
RE2398R	1	1
RE2404C	1	1
RE2404R	1	1
RE2405C	1	1
RE2405R	1	1
RE2410N	1	1
RE2427M	1	1
RE2428M	1	1
RE2429M	1	1
RE2453M	1	1
RE2454M	1	1
RE2513C	1	1
RE2513E	1	1
RE2513L	1	1
RE2513N	1	1
RE2622C	1	1
RE2622R	1	1
RE2624M	1	1
RE2624X	1	1
RE2625M	1	1
RE2626M	1	1
RE2632M	1	1
RE2633R	1	1
RE2635R	1	1
RE2636R	1	1
RE2640C	1	1
RE2644C	1	1
RE2649C	1	1
RE2649M	1	1
RE2649X	1	1
RE2660N	1	1
RE2666G	1	1
RE2677R	1	1
RE2680G	1	1
RE2718C	1	1
RE2718G	1	1
RE2759X	1	1
RE2766C	1	1
RE2768M	1	1
RE2908M	1	1
RE2908X	1	1
RE2909M	1	1
RE2909X	1	1
RE2910M	1	1
RE2910X	1	1
RE2912M	1	1
RE2912X	1	1
RE2913M	1	1
RE2913X	1	1
RE2914M	1	1
RE2914X	1	1
RE2915M	1	1
RE2915X	1	1
RE2916M	1	1
RE2916X	1	1
RE2917M	1	1
RE2917X	1	1
RE2919M	1	1
RE2919X	1	1
RE2920M	1	1
RE2920X	1	1
RE2921M	1	1
RE2921X	1	1
RE2954C	1	1
RE2972G	1	1
RE2972M	1	1
RE2972R	1	1
RE2973G	1	1
RE2973N	1	1
RE2974G	1	1
RE2974R	1	1
RE2975M	1	1
RE2977C	1	1
RE2985M	1	1
RE2985X	1	1
RE2986X	1	1
RE2987X	1	1
RE2988X	1	1
RE2989X	1	1
RE2990X	1	1
RE2991X	1	1
RE2992M	1	1
RE2992X	1	1
RE2993X	1	1
RE2994X	1	1
RE2995M	1	1
RE2995X	1	1
RE2996X	1	1
RE2997X	1	1
RE2998M	1	1
RE2999M	1	1
RE3000M	1	1
RE3001M	1	1
RE3002X	1	1
RE3003M	1	1
RE3004M	1	1
RE3005M	1	1
RE3006M	1	1
RE3010C	1	1
RE3010M	1	1
RE3010X	1	1
RE3011M	1	1
RE3012C	1	1
RE3012M	1	1
RE3012R	1	1
RE3013R	1	1
RE3014R	1	1
RE3015R	1	1
RE3018R	1	1
RE3019R	1	1
RE3020R	1	1
RE3033N	1	1
RE3036C	1	1
RE3038C	1	1
RE3038R	1	1
RE3038X	1	1
RE3040C	1	1
RE3040R	1	1
RE3040X	1	1
RE3041C	1	1
RE3041N	1	1
RE3044N	1	1
RE3074X	1	1
RE3075X	1	1
RE3079X	1	1
RE3081X	1	1
RE3082X	1	1
RE3083X	1	1
RE3084X	1	1
RE3086X	1	1
RE3087X	1	1
RE3088X	1	1
RE3089X	1	1
RE3090X	1	1
RE3092X	1	1
RE3093X	1	1
RE3095C	1	1
RE3095L	1	1
RE3097X	1	1
RE3103C	1	1
RE3103R	1	1
RE3104R	1	1
RE3106R	1	1
RE3110C	1	1
RE3110R	1	1
RE3112R	1	1
RE3113R	1	1
RE3114R	1	1
RE3119R	1	1
RE3120C	1	1
RE3120R	1	1
RE3121R	1	1
RE3122R	1	1
RE3123R	1	1
RE3124C	1	1
RE3124R	1	1
RE3125R	1	1
RE3126R	1	1
RE3132R	1	1
RE3134C	1	1
RE3134R	1	1
RE3136C	1	1
RE3139X	1	1
RE3140X	1	1
RE3141X	1	1
RE3145X	1	1
RE3146R	1	1
RE3150R	1	1
RE3151C	1	1
RE3151R	1	1
RE3152R	1	1
RE3153R	1	1
RE3154R	1	1
RE3155R	1	1
RE3156X	1	1
RE3157X	1	1
RE3159X	1	1
RE3160R	1	1
RE3161C	1	1
RE3161R	1	1
RE3162R	1	1
RE3163R	1	1
RE3164R	1	1
RE3165C	1	1
RE3165R	1	1
RE3166R	1	1
RE3167R	1	1
RE3168R	1	1
RE3169R	1	1
RE3170C	1	1
RE3170R	1	1
RE3171R	1	1
RE3172R	1	1
RE3173R	1	1
RE3174C	1	1
RE3174R	1	1
RE3175R	1	1
RE3176R	1	1
RE3177M	1	1
RE3178M	1	1
RE3179M	1	1
RE3184M	1	1
RE3185M	1	1
RE3186M	1	1
RE3189M	1	1
RE3190M	1	1
RE3191M	1	1
RE3192M	1	1
RE3193M	1	1
RE3194M	1	1
RE3195M	1	1
RE3218C	1	1
RE3218L	1	1
RE3218R	1	1
RE3220C	1	1
RE3220L	1	1
RE3220R	1	1
RE3224C	1	1
RE3224R	1	1
RE3225C	1	1
RE3225R	1	1
RE3226C	1	1
RE3226R	1	1
RE3227R	1	1
RE3228R	1	1
RE3229R	1	1
RE3230R	1	1
RE3231R	1	1
RE3232R	1	1
RE3233G	1	1
RE3233L	1	1
RE3234R	1	1
RE3235R	1	1
RE3236R	1	1
RE3241C	1	1
RE3241R	1	1
RE3242R	1	1
RE3243R	1	1
RE3244R	1	1
RE3247M	1	1
RE3247X	1	1
RE3248M	1	1
RE3248X	1	1
RE3250M	1	1
RE3250X	1	1
RE3251M	1	1
RE3258C	1	1
RE3258R	1	1
RE3259C	1	1
RE3259R	1	1
RE3260C	1	1
RE3260R	1	1
RE3261C	1	1
RE3261R	1	1
RE3264C	1	1
RE3264R	1	1
RE3265C	1	1
RE3265R	1	1
RE3268R	1	1
RE3269C	1	1
RE3286R	1	1
RE3287R	1	1
RE3288R	1	1
RE3289R	1	1
RE3307C	1	1
RE3307M	1	1
RE3307X	1	1
RE3308R	1	1
RE3310R	1	1
RE3326M	1	1
RE3334M	1	1
RE3334X	1	1
RE3335C	1	1
RE3335M	1	1
RE3335R	1	1
RE3335X	1	1
RE3336M	1	1
RE3336X	1	1
RE3337M	1	1
RE3337X	1	1
RE3338C	1	1
RE3338M	1	1
RE3338X	1	1
RE3339C	1	1
RE3339M	1	1
RE3339X	1	1
RE3340C	1	1
RE3340M	1	1
RE3340X	1	1
RE3341M	1	1
RE3341X	1	1
RE3342M	1	1
RE3342X	1	1
RE3343C	1	1
RE3343M	1	1
RE3343X	1	1
RE3344M	1	1
RE3344X	1	1
RE3345C	1	1
RE3345M	1	1
RE3345R	1	1
RE3345X	1	1
RE3346C	1	1
RE3346M	1	1
RE3346R	1	1
RE3367C	1	1
RE3367E	1	1
RE3367X	1	1
RE3370R	1	1
RE3383M	1	1
RE3384M	1	1
RE3385M	1	1
RE3386M	1	1
RE3387M	1	1
RE3388M	1	1
RE3389M	1	1
RE3390M	1	1
RE3391M	1	1
RE3392M	1	1
RE3393M	1	1
RE3394M	1	1
RE3395M	1	1
RE3396M	1	1
RE3397M	1	1
RE3398M	1	1
RE3399M	1	1
RE3400M	1	1
RE3401M	1	1
RE3402M	1	1
RE3403M	1	1
RE3404M	1	1
RE3430C	1	1
RE3432C	1	1
RE3432M	1	1
RE3432X	1	1
RE3434R	1	1
RE3435R	1	1
RE3436R	1	1
RE3440R	1	1
RE3443M	1	1
RE3443X	1	1
RE3444C	1	1
RE3444M	1	1
RE3444X	1	1
RE3445M	1	1
RE3445X	1	1
RE3446C	1	1
RE3446M	1	1
RE3446R	1	1
RE3446X	1	1
RE3447M	1	1
RE3447X	1	1
RE3448C	1	1
RE3448M	1	1
RE3448X	1	1
RE3464R	1	1
RE3470C	1	1
RE3470M	1	1
RE3470X	1	1
RE3474R	1	1
RE3475N	1	1
RE3476C	1	1
RE3476M	1	1
RE3476X	1	1
RE3485N	1	1
RE3488N	1	1
RE3488R	1	1
RE3488X	1	1
RE3496N	1	1
RE3498N	1	1
RE3500C	1	1
RE3500R	1	1
RE3500X	1	1
RE3501C	1	1
RE3501R	1	1
RE3501X	1	1
RE3502C	1	1
RE3502X	1	1
RE3503N	1	1
RE3506R	1	1
RE3511M	1	1
RE3511R	1	1
RE3513N	1	1
RE3514R	1	1
RE3518R	1	1
RE3519C	1	1
RE3519R	1	1
RE3519X	1	1
RE3520C	1	1
RE3520E	1	1
RE3520M	1	1
RE3520N	1	1
RE3522R	1	1
RE3525C	1	1
RE3526C	1	1
RE3559M	1	1
RE3559X	1	1
RE3560C	1	1
RE3560M	1	1
RE3560X	1	1
RE3561M	1	1
RE3561X	1	1
RE3562C	1	1
RE3562M	1	1
RE3562R	1	1
RE3562X	1	1
RE3563M	1	1
RE3563X	1	1
RE3564C	1	1
RE3564M	1	1
RE3564X	1	1
RE3571R	1	1
RE3572X	1	1
RE3573X	1	1
RE3574X	1	1
RE3575X	1	1
RE3576X	1	1
RE3577X	1	1
RE3578X	1	1
RE3580X	1	1
RE3581X	1	1
RE3582X	1	1
RE3583X	1	1
RE3586X	1	1
RE3587N	1	1
RE3596C	1	1
RE3596M	1	1
RE3596X	1	1
RE3597C	1	1
RE3597M	1	1
RE3597X	1	1
RE3624M	1	1
RE3624X	1	1
RE3626M	1	1
RE3627C	1	1
RE3628M	1	1
RN0001R	1	1
RN0020R	1	1
RN0027R	1	1
RN0028C	1	1
RN0028R	1	1
RN0028X	1	1
RN0029R	1	1
RN0030R	1	1
RN0031C	1	1
RN0031R	1	1
RN0031X	1	1
HSD17B3r	1	1
2MB2COAc	1	1
3HBCOARc	1	1
ADPCOACROT	1	1
ADPCOAPTE	1	1
C100CPT1	1	1
C102CPT1	1	1
C10DCCACT	1	1
C10DCc	1	1
C10OHc	1	1
C120CPT1	1	1
C121CPT1	1	1
C12DCACOT	1	1
C12OHc	1	1
C140CPT1	1	1
C141ACBP	1	1
C141CPT1	1	1
C142ACBP	1	1
C14OHc	1	1
C161OHc	1	1
C162ACBP	1	1
C16DCc	1	1
C16OHc	1	1
C181OHc	1	1
C182OHc	1	1
C18OHc	1	1
C30CPT1	1	1
C40CPT1	1	1
C4CRNCPT2	1	1
C4DCCACT	1	1
C4OHc	1	1
C50CPT1	1	1
C51CPT1	1	1
C60CPT1	1	1
C6DCCACT	1	1
C6DCc	1	1
C80CPT1	1	1
C81CPT1	1	1
C8DCc	1	1
DCATDc	1	1
DOCO13EFATP	1	1
DOCOSACT	1	1
FAOXC101C102m	1	1
FAOXC101C102x	1	1
FAOXC101C8x	1	1
FAOXC101m	1	1
FAOXC101x	1	1
FAOXC102C101m	1	1
FAOXC102C101x	1	1
FAOXC102C103m	1	1
FAOXC102C103x	1	1
FAOXC102C81x	1	1
FAOXC102m	1	1
FAOXC102x	1	1
FAOXC103C102m	1	1
FAOXC103C102x	1	1
FAOXC10C10OHm	1	1
FAOXC121C10x	1	1
FAOXC121x	1	1
FAOXC122m	1	1
FAOXC122x	1	1
FAOXC123C102x	1	1
FAOXC123m	1	1
FAOXC123x	1	1
FAOXC12C12OHm	1	1
FAOXC12DCTc	1	1
FAOXC12DCc	1	1
FAOXC12DCx	1	1
FAOXC15ATPx	1	1
FAOXC163C142x	1	1
FAOXC163C164Gm	1	1
FAOXC163C164x	1	1
FAOXC163Gm	1	1
FAOXC163x	1	1
FAOXC164C143x	1	1
FAOXC164C163x	1	1
FAOXC164C165m	1	1
FAOXC164C165x	1	1
FAOXC164GC163m	1	1
FAOXC164m	1	1
FAOXC164x	1	1
FAOXC165C164m	1	1
FAOXC165C164x	1	1
FAOXC16BRx	1	1
FAOXC16DCr	1	1
FAOXC184C163x	1	1
FAOXC184m	1	1
FAOXC184x	1	1
FAOXC185m	1	1
FAOXC204C205x	1	1
FAOXC205C184x	1	1
FAOXC225C204x	1	1
FAOXC225C226m	1	1
FAOXC225C226x	1	1
FAOXC225m	1	1
FAOXC225x	1	1
FAOXC226C225m	1	1
FAOXC226C225x	1	1
FAOXC226C227m	1	1
FAOXC226m	1	1
FAOXC227C226m	1	1
FAOXC3DC	1	1
FAOXC4C4DCc	1	1
FAOXC5C5DCc	1	1
FAOXC5OHc	1	1
FAOXC61C4x	1	1
FAOXC61m	1	1
FAOXC61x	1	1
FAOXOHC16C16DCc	1	1
FAOXOHC22C22DCc	1	1
FAOXOHMC10DC10c	1	1
FAOXTC101TC102m	1	1
FAOXTC102C101m	1	1
FAOXTC122m	1	1
FOAXC122C101x	1	1
GLUTCOAACBP	1	1
HDCACBP	1	1
HDDACBP	1	1
HDECAACBP	1	1
HDECEACBP	1	1
HEXCOAACBP	1	1
HEXDICOAACBP	1	1
HEXDICOAACBPx	1	1
HIVCACBP	1	1
HOCDACBP	1	1
HOCTDACBP	1	1
HTDCACBP	1	1
IVCOAACBP	1	1
OCD11COACPT1	1	1
OCD11CRNCACT	1	1
OCD11CRNCPT2	1	1
OCT11EFATP	1	1
OCTDEC2ACBP	1	1
OCTDECCACT	1	1
OCTDECCPT1	1	1
OCTDECCPT2	1	1
SBCOAACOTx	1	1
SEBCOACROT	1	1
SEBCOAPET	1	1
SUBERCACT	1	1
SUBERCROT	1	1
SUCCCROT	1	1
SUCCOAPET	1	1
25HVITD3c	1	1
BIDGLCURr	1	1
CHOLESACATc	1	1
DPMVDc	1	1
DSREDUCr	1	1
DTMPKm	1	1
FADH2ETC	1	1
G6PDH2c	1	1
GNDc	1	1
HMGCOARc	1	1
IPDDI	1	1
MEVK1c	1	1
MTHFR3	1	1
P5CR	1	1
PGLc	1	1
PMEVKc	1	1
RPEc	1	1
15KPROSTGF2c	1	1
AND19ONEc	1	1
C14825c	1	1
21HPRGNLONE	1	1
HC02195c	1	1
HC02196c	1	1
HC02197c	1	1
HC02198c	1	1
HC02195te	1	1
HC02196te	1	1
GLYNATm	1	1
PCSF	1	1
INDOXYLF	1	1
INDSF	1	1
ACACT1r	1	1
ACCOAL	1	1
ACOATA	1	1
ACONT	1	1
ACS	1	1
ALAR	1	1
ASP1DC	1	1
ASPTA	1	1
BPNT	1	1
CPPPGO	1	1
CTPS1	1	1
DGK1	1	1
DHFR	1	1
DHORTS	1	1
DHPR	1	1
DPCOAK	1	1
DTMPK	1	1
EHGLAT	1	1
ENO	1	1
FBP	1	1
FERO	1	1
FTHFCL	1	1
FUM	1	1
G3PD1	1	1
G6PDH2r	1	1
GAPD	1	1
GHMT2r	1	1
GK1	1	1
GLNS	1	1
GMAND	1	1
GMPR	1	1
HEX1	1	1
HMBS	1	1
ILETA	1	1
IMPD	1	1
LEUTA	1	1
MAN6PI	1	1
MCOATA	1	1
MTHFC	1	1
MTHFD	1	1
NADK	1	1
NDPK1	1	1
NDPK2	1	1
NDPK3	1	1
NDPK4	1	1
NDPK5	1	1
NDPK6	1	1
NDPK7	1	1
NDPK8	1	1
NDPK9	1	1
NTD1	1	1
OMPDC	1	1
PGI	1	1
PGK	1	1
PGL	1	1
PGM	1	1
PGMT	1	1
PMANM	1	1
PNTK	1	1
PPBNGS	1	1
PPCDC	1	1
PPM	1	1
PROD2	1	1
PRPPS	1	1
PSERT	1	1
PSP_L	1	1
RBFK	1	1
RPE	1	1
RPI	1	1
THRS	1	1
TMDK1	1	1
TMDPK	1	1
TPI	1	1
UAG4E	1	1
UDPG4E	1	1
UMPK	1	1
UPP3S	1	1
UPPDC1	1	1
VALTA	1	1
r0060	1	1
r0082	1	1
r0127	1	1
r0220	1	1
r0345	1	1
r0398	1	1
r0422	1	1
r0570	1	1
ACCOAC	1	1
NTD2	1	1
NTD4	1	1
NTD5	1	1
NTD6	1	1
NTD7	1	1
NTD8	1	1
NTD9	1	1
NTD10	1	1
NTD11	1	1
ALCD1	1	1
RBK	1	1
ADNK1	1	1
GCALDD	1	1
r0339	1	1
ABUTD	1	1
ACYP	1	1
AGDC	1	1
AICART	1	1
AMANK	1	1
CITL	1	1
CYTK1	1	1
CYTK2	1	1
DRBK	1	1
FACOAL161	1	1
G6PDA	1	1
GALK	1	1
GLXO1	1	1
GLYK	1	1
GND	1	1
HEX7	1	1
HISD	1	1
IMACTD	1	1
IMPC	1	1
IZPN	1	1
LCADi	1	1
LDH_D	1	1
LDH_L	1	1
MALT	1	1
MDH	1	1
MI1PP	1	1
MI3PP	1	1
MI4PP	1	1
NT5C	1	1
NTD3	1	1
ORNDC	1	1
PFK	1	1
PGLYCP	1	1
PHETA1	1	1
PYDAMK	1	1
PYDXNK	1	1
PYK	1	1
TDPGDH	1	1
THRD_L	1	1
TYRTA	1	1
r0392	1	1
r0792	1	1
URCN	1	1
ACGAM2E	1	1
DCMPDA	1	1
AACOAT	1	1
MTHFD2	1	1
VANILPYRc	1	1
2H3MVc	1	1
2HIVc	1	1
2M3OVCOAm	1	1
PPIOGLYc	1	1
TIGGLYc	1	1
3HADICOAx	1	1
3OHSEBCOAx	1	1
3OHSUBCOAx	1	1
HEXGLYc	1	1
SUBGLYc	1	1
THEXDDm	1	1
HEXDTRm	1	1
HPDECEm	1	1
EIC21114TRc	1	1
5EIPENCm	1	1
DOPASULT4	1	1
UDPG4DOPA	1	1
UDPG3DOPA	1	1
TYRDOPOX	1	1
34DHPEAR	1	1
NADPQNOXR	1	1
NADQNOXR	1	1
TYRDHINDOX	1	1
DES21	1	1
SPHK11	1	1
SPHK21n	1	1
SPHK22n	1	1
ST8SIA13e	1	1
HMR_0156	1	1
HMR_0165	1	1
HMR_0168	1	1
HMR_0171	1	1
HMR_0177	1	1
HMR_0180	1	1
HMR_0184	1	1
HMR_0188	1	1
HMR_0189	1	1
HMR_0192	1	1
HMR_0193	1	1
HMR_0197	1	1
HMR_0200	1	1
HMR_0201	1	1
HMR_0209	1	1
HMR_0210	1	1
HMR_0214	1	1
HMR_0230	1	1
HMR_0233	1	1
HMR_0234	1	1
HMR_0238	1	1
HMR_0241	1	1
HMR_0242	1	1
HMR_0245	1	1
HMR_0246	1	1
HMR_0255	1	1
HMR_0256	1	1
HMR_0259	1	1
HMR_0260	1	1
HMR_0271	1	1
HMR_0272	1	1
HMR_0276	1	1
HMR_0279	1	1
HMR_0280	1	1
HMR_0289	1	1
HMR_0290	1	1
HMR_0293	1	1
HMR_0297	1	1
HMR_0298	1	1
HMR_0301	1	1
HMR_0302	1	1
HMR_0305	1	1
HMR_0306	1	1
HMR_0309	1	1
HMR_0310	1	1
HMR_0319	1	1
HMR_0323	1	1
HMR_0324	1	1
HMR_0327	1	1
HMR_0328	1	1
HMR_0342	1	1
HMR_0345	1	1
HMR_0346	1	1
HMR_0350	1	1
HMR_0354	1	1
HMR_0358	1	1
HMR_0362	1	1
HMR_0366	1	1
HMR_0370	1	1
HMR_0374	1	1
HMR_0378	1	1
HMR_0381	1	1
HMR_0382	1	1
HMR_0385	1	1
HMR_0386	1	1
HMR_0389	1	1
HMR_0390	1	1
HMR_0393	1	1
HMR_0394	1	1
HMR_0398	1	1
HMR_0402	1	1
HMR_0406	1	1
HMR_0410	1	1
HMR_0414	1	1
HMR_0418	1	1
HMR_0422	1	1
HMR_0426	1	1
HMR_0429	1	1
HMR_0430	1	1
HMR_0433	1	1
HMR_0434	1	1
HMR_0437	1	1
HMR_0438	1	1
HMR_0478	1	1
HMR_0482	1	1
HMR_0486	1	1
HMR_0488	1	1
HMR_0492	1	1
HMR_0496	1	1
HMR_0501	1	1
HMR_0505	1	1
HMR_0507	1	1
HMR_0514	1	1
HMR_0518	1	1
HMR_0519	1	1
HMR_0520	1	1
HMR_0522	1	1
HMR_0523	1	1
HMR_0525	1	1
HMR_0526	1	1
HMR_0528	1	1
HMR_0529	1	1
HMR_0535	1	1
HMR_0536	1	1
HMR_0538	1	1
HMR_0540	1	1
HMR_0541	1	1
HMR_0597	1	1
HMR_0598	1	1
HMR_0599	1	1
HMR_0600	1	1
HMR_0601	1	1
HMR_0602	1	1
HMR_0641	1	1
HMR_0654	1	1
HMR_0657	1	1
HMR_0673	1	1
HMR_0674	1	1
HMR_0675	1	1
HMR_0676	1	1
HMR_0677	1	1
HMR_0678	1	1
HMR_0703	1	1
HMR_0705	1	1
HMR_0708	1	1
HMR_0715	1	1
HMR_0718	1	1
HMR_0719	1	1
HMR_0767	1	1
HMR_0775	1	1
HMR_0783	1	1
HMR_0805	1	1
HMR_0806	1	1
HMR_0810	1	1
HMR_0816	1	1
HMR_0817	1	1
HMR_0820	1	1
HMR_0823	1	1
HMR_0827	1	1
HMR_0829	1	1
HMR_0837	1	1
HMR_0839	1	1
HMR_0840	1	1
HMR_0841	1	1
HMR_0842	1	1
HMR_0843	1	1
HMR_0844	1	1
HMR_0846	1	1
HMR_0848	1	1
HMR_0849	1	1
HMR_0851	1	1
HMR_0852	1	1
HMR_0853	1	1
HMR_0854	1	1
HMR_0855	1	1
HMR_0856	1	1
HMR_0860	1	1
HMR_0864	1	1
HMR_0867	1	1
HMR_0868	1	1
HMR_0870	1	1
HMR_0873	1	1
HMR_0875	1	1
HMR_0876	1	1
HMR_0886	1	1
HMR_0887	1	1
HMR_0902	1	1
HMR_0932	1	1
HMR_0933	1	1
HMR_0935	1	1
HMR_0937	1	1
HMR_0938	1	1
HMR_0939	1	1
HMR_0940	1	1
HMR_0942	1	1
HMR_0945	1	1
HMR_0946	1	1
HMR_0949	1	1
HMR_0950	1	1
HMR_0953	1	1
HMR_0954	1	1
HMR_0957	1	1
HMR_0960	1	1
HMR_0963	1	1
HMR_0981	1	1
HMR_0985	1	1
HMR_0986	1	1
HMR_0987	1	1
HMR_0988	1	1
HMR_0991	1	1
HMR_0992	1	1
HMR_0993	1	1
HMR_0994	1	1
HMR_0995	1	1
HMR_0996	1	1
HMR_0997	1	1
HMR_0998	1	1
HMR_0999	1	1
HMR_1026	1	1
HMR_1030	1	1
HMR_1033	1	1
HMR_1034	1	1
HMR_1037	1	1
HMR_1039	1	1
HMR_1062	1	1
HMR_1063	1	1
HMR_1064	1	1
HMR_1066	1	1
HMR_1067	1	1
HMR_1068	1	1
HMR_1069	1	1
HMR_1074	1	1
HMR_1097	1	1
HMR_1099	1	1
HMR_1102	1	1
HMR_1117	1	1
HMR_1126	1	1
HMR_1127	1	1
HMR_1129	1	1
HMR_1148	1	1
HMR_1150	1	1
HMR_1154	1	1
HMR_1156	1	1
HMR_1158	1	1
HMR_1160	1	1
HMR_1190	1	1
HMR_1232	1	1
HMR_1266	1	1
HMR_1280	1	1
HMR_1305	1	1
HMR_1312	1	1
HMR_1321	1	1
HMR_1325	1	1
HMR_1329	1	1
HMR_1344	1	1
HMR_1388	1	1
HMR_1390	1	1
HMR_1391	1	1
HMR_1465	1	1
HMR_1470	1	1
HMR_1473	1	1
HMR_1477	1	1
HMR_1478	1	1
HMR_1495	1	1
HMR_1496	1	1
HMR_1509	1	1
HMR_1512	1	1
HMR_1516	1	1
HMR_1526	1	1
HMR_1536	1	1
HMR_1538	1	1
HMR_1540	1	1
HMR_1549	1	1
HMR_1552	1	1
HMR_1557	1	1
HMR_1558	1	1
HMR_1565	1	1
HMR_1627	1	1
HMR_1637	1	1
HMR_1651	1	1
HMR_1681	1	1
HMR_1685	1	1
HMR_1703	1	1
HMR_1704	1	1
HMR_1706	1	1
HMR_1708	1	1
HMR_1730	1	1
HMR_1735	1	1
HMR_1737	1	1
HMR_1738	1	1
HMR_1739	1	1
HMR_1740	1	1
HMR_1741	1	1
HMR_1742	1	1
HMR_1743	1	1
HMR_1746	1	1
HMR_1747	1	1
HMR_1748	1	1
HMR_1749	1	1
HMR_1750	1	1
HMR_1760	1	1
HMR_1761	1	1
HMR_1762	1	1
HMR_1765	1	1
HMR_1766	1	1
HMR_1767	1	1
HMR_1768	1	1
HMR_1769	1	1
HMR_1770	1	1
HMR_1771	1	1
HMR_1781	1	1
HMR_1783	1	1
HMR_1785	1	1
HMR_1786	1	1
HMR_1798	1	1
HMR_1802	1	1
HMR_1804	1	1
HMR_1807	1	1
HMR_1838	1	1
HMR_1847	1	1
HMR_1927	1	1
HMR_1928	1	1
HMR_1931	1	1
HMR_1933	1	1
HMR_1940	1	1
HMR_1941	1	1
HMR_1943	1	1
HMR_1944	1	1
HMR_1948	1	1
HMR_1949	1	1
HMR_1951	1	1
HMR_1962	1	1
HMR_1967	1	1
HMR_1968	1	1
HMR_1976	1	1
HMR_1979	1	1
HMR_1980	1	1
HMR_1981	1	1
HMR_1982	1	1
HMR_1983	1	1
HMR_1988	1	1
HMR_1989	1	1
HMR_1990	1	1
HMR_1991	1	1
HMR_1992	1	1
HMR_1993	1	1
HMR_1996	1	1
HMR_2003	1	1
HMR_2007	1	1
HMR_2010	1	1
HMR_2011	1	1
HMR_2014	1	1
HMR_2016	1	1
HMR_2018	1	1
HMR_2030	1	1
HMR_2033	1	1
HMR_2041	1	1
HMR_2132	1	1
HMR_2139	1	1
HMR_2140	1	1
HMR_2142	1	1
HMR_2143	1	1
HMR_2190	1	1
HMR_2193	1	1
HMR_2210	1	1
HMR_2211	1	1
HMR_2215	1	1
HMR_2217	1	1
HMR_2218	1	1
HMR_2219	1	1
HMR_2259	1	1
HMR_2260	1	1
HMR_2261	1	1
HMR_2262	1	1
HMR_2263	1	1
HMR_2264	1	1
HMR_2265	1	1
HMR_2266	1	1
HMR_2267	1	1
HMR_2270	1	1
HMR_2281	1	1
HMR_2284	1	1
HMR_2286	1	1
HMR_2287	1	1
HMR_2288	1	1
HMR_2289	1	1
HMR_2292	1	1
HMR_2293	1	1
HMR_2294	1	1
HMR_2296	1	1
HMR_2334	1	1
HMR_2336	1	1
HMR_2338	1	1
HMR_2342	1	1
HMR_2343	1	1
HMR_2344	1	1
HMR_2345	1	1
HMR_2347	1	1
HMR_2348	1	1
HMR_2349	1	1
HMR_2350	1	1
HMR_2353	1	1
HMR_2354	1	1
HMR_2355	1	1
HMR_2356	1	1
HMR_2359	1	1
HMR_2365	1	1
HMR_2368	1	1
HMR_2380	1	1
HMR_2395	1	1
HMR_2436	1	1
HMR_2438	1	1
HMR_2440	1	1
HMR_2441	1	1
HMR_2456	1	1
HMR_2457	1	1
HMR_2458	1	1
HMR_2472	1	1
HMR_2484	1	1
HMR_2537	1	1
HMR_2540	1	1
HMR_2541	1	1
HMR_2542	1	1
HMR_2543	1	1
HMR_2561	1	1
HMR_2578	1	1
HMR_2581	1	1
HMR_2582	1	1
HMR_2602	1	1
HMR_2605	1	1
HMR_2608	1	1
HMR_2620	1	1
HMR_2633	1	1
HMR_2648	1	1
HMR_2651	1	1
HMR_2657	1	1
HMR_2669	1	1
HMR_2675	1	1
HMR_2681	1	1
HMR_2684	1	1
HMR_2687	1	1
HMR_2690	1	1
HMR_2693	1	1
HMR_2699	1	1
HMR_2702	1	1
HMR_2705	1	1
HMR_2708	1	1
HMR_2711	1	1
HMR_2733	1	1
HMR_2736	1	1
HMR_2739	1	1
HMR_2768	1	1
HMR_2771	1	1
HMR_2774	1	1
HMR_2877	1	1
HMR_2942	1	1
HMR_2943	1	1
HMR_2944	1	1
HMR_2945	1	1
HMR_2946	1	1
HMR_2948	1	1
HMR_2951	1	1
HMR_2954	1	1
HMR_2955	1	1
HMR_2956	1	1
HMR_2962	1	1
HMR_2963	1	1
HMR_2964	1	1
HMR_2965	1	1
HMR_2966	1	1
HMR_2967	1	1
HMR_2968	1	1
HMR_2969	1	1
HMR_2970	1	1
HMR_2971	1	1
HMR_2972	1	1
HMR_2973	1	1
HMR_2974	1	1
HMR_2975	1	1
HMR_2976	1	1
HMR_2977	1	1
HMR_2978	1	1
HMR_2979	1	1
HMR_2980	1	1
HMR_2982	1	1
HMR_2983	1	1
HMR_2985	1	1
HMR_2986	1	1
HMR_2988	1	1
HMR_2989	1	1
HMR_2990	1	1
HMR_2994	1	1
HMR_2998	1	1
HMR_2999	1	1
HMR_3001	1	1
HMR_3002	1	1
HMR_3003	1	1
HMR_3057	1	1
HMR_3058	1	1
HMR_3059	1	1
HMR_3062	1	1
HMR_3063	1	1
HMR_3064	1	1
HMR_3065	1	1
HMR_3066	1	1
HMR_3067	1	1
HMR_3068	1	1
HMR_3069	1	1
HMR_3070	1	1
HMR_3071	1	1
HMR_3072	1	1
HMR_3073	1	1
HMR_3074	1	1
HMR_3075	1	1
HMR_3076	1	1
HMR_3094	1	1
HMR_3095	1	1
HMR_3096	1	1
HMR_3097	1	1
HMR_3098	1	1
HMR_3099	1	1
HMR_3100	1	1
HMR_3101	1	1
HMR_3102	1	1
HMR_3107	1	1
HMR_3108	1	1
HMR_3109	1	1
HMR_3110	1	1
HMR_3111	1	1
HMR_3112	1	1
HMR_3113	1	1
HMR_3114	1	1
HMR_3115	1	1
HMR_3116	1	1
HMR_3117	1	1
HMR_3118	1	1
HMR_3121	1	1
HMR_3128	1	1
HMR_3135	1	1
HMR_3142	1	1
HMR_3149	1	1
HMR_3156	1	1
HMR_3170	1	1
HMR_3171	1	1
HMR_3172	1	1
HMR_3173	1	1
HMR_3174	1	1
HMR_3175	1	1
HMR_3176	1	1
HMR_3177	1	1
HMR_3178	1	1
HMR_3179	1	1
HMR_3180	1	1
HMR_3181	1	1
HMR_3182	1	1
HMR_3183	1	1
HMR_3184	1	1
HMR_3185	1	1
HMR_3186	1	1
HMR_3187	1	1
HMR_3188	1	1
HMR_3189	1	1
HMR_3190	1	1
HMR_3191	1	1
HMR_3192	1	1
HMR_3193	1	1
HMR_3194	1	1
HMR_3195	1	1
HMR_3196	1	1
HMR_3197	1	1
HMR_3198	1	1
HMR_3199	1	1
HMR_3200	1	1
HMR_3201	1	1
HMR_3202	1	1
HMR_3203	1	1
HMR_3204	1	1
HMR_3205	1	1
HMR_3218	1	1
HMR_3219	1	1
HMR_3220	1	1
HMR_3221	1	1
HMR_3222	1	1
HMR_3223	1	1
HMR_3224	1	1
HMR_3225	1	1
HMR_3230	1	1
HMR_3231	1	1
HMR_3232	1	1
HMR_3233	1	1
HMR_3234	1	1
HMR_3235	1	1
HMR_3236	1	1
HMR_3237	1	1
HMR_3240	1	1
HMR_3241	1	1
HMR_3242	1	1
HMR_3243	1	1
HMR_3244	1	1
HMR_3245	1	1
HMR_3246	1	1
HMR_3247	1	1
HMR_3272	1	1
HMR_3296	1	1
HMR_3322	1	1
HMR_3326	1	1
HMR_3327	1	1
HMR_3328	1	1
HMR_3329	1	1
HMR_3330	1	1
HMR_3331	1	1
HMR_3332	1	1
HMR_3333	1	1
HMR_3334	1	1
HMR_3335	1	1
HMR_3336	1	1
HMR_3337	1	1
HMR_3338	1	1
HMR_3339	1	1
HMR_3340	1	1
HMR_3341	1	1
HMR_3342	1	1
HMR_3343	1	1
HMR_3346	1	1
HMR_3347	1	1
HMR_3348	1	1
HMR_3349	1	1
HMR_3350	1	1
HMR_3351	1	1
HMR_3352	1	1
HMR_3353	1	1
HMR_3356	1	1
HMR_3357	1	1
HMR_3358	1	1
HMR_3359	1	1
HMR_3360	1	1
HMR_3361	1	1
HMR_3362	1	1
HMR_3363	1	1
HMR_3375	1	1
HMR_3398	1	1
HMR_3406	1	1
HMR_3408	1	1
HMR_3409	1	1
HMR_3411	1	1
HMR_3413	1	1
HMR_3414	1	1
HMR_3416	1	1
HMR_3421	1	1
HMR_3422	1	1
HMR_3423	1	1
HMR_3424	1	1
HMR_3425	1	1
HMR_3426	1	1
HMR_3427	1	1
HMR_3428	1	1
HMR_3429	1	1
HMR_3431	1	1
HMR_3432	1	1
HMR_3433	1	1
HMR_3446	1	1
HMR_3447	1	1
HMR_3448	1	1
HMR_3449	1	1
HMR_3450	1	1
HMR_3451	1	1
HMR_3452	1	1
HMR_3453	1	1
HMR_3454	1	1
HMR_3455	1	1
HMR_3456	1	1
HMR_3457	1	1
HMR_3475	1	1
HMR_3491	1	1
HMR_3522	1	1
HMR_3625	1	1
HMR_3627	1	1
HMR_3631	1	1
HMR_3635	1	1
HMR_3646	1	1
HMR_3653	1	1
HMR_3658	1	1
HMR_3664	1	1
HMR_3665	1	1
HMR_3668	1	1
HMR_3675	1	1
HMR_3677	1	1
HMR_3831	1	1
HMR_3855	1	1
HMR_3915	1	1
HMR_3966	1	1
HMR_4079	1	1
HMR_4124	1	1
HMR_4182	1	1
HMR_4241	1	1
HMR_4261	1	1
HMR_4270	1	1
HMR_4278	1	1
HMR_4422	1	1
HMR_4466	1	1
HMR_4556	1	1
HMR_4592	1	1
HMR_4594	1	1
HMR_4630	1	1
HMR_4696	1	1
HMR_4701	1	1
HMR_4757	1	1
HMR_4764	1	1
HMR_5144	1	1
HMR_5301	1	1
HMR_5387	1	1
HMR_5390	1	1
HMR_6404	1	1
HMR_6441	1	1
HMR_6442	1	1
HMR_6511	1	1
HMR_6545	1	1
HMR_6549	1	1
HMR_6550	1	1
HMR_6558	1	1
HMR_6564	1	1
HMR_6566	1	1
HMR_6568	1	1
HMR_6572	1	1
HMR_6573	1	1
HMR_6574	1	1
HMR_6583	1	1
HMR_6584	1	1
HMR_6595	1	1
HMR_6632	1	1
HMR_6633	1	1
HMR_6647	1	1
HMR_6648	1	1
HMR_6653	1	1
HMR_6671	1	1
HMR_6682	1	1
HMR_6684	1	1
HMR_6700	1	1
HMR_6701	1	1
HMR_6702	1	1
HMR_6711	1	1
HMR_6727	1	1
HMR_6755	1	1
HMR_6757	1	1
HMR_6770	1	1
HMR_6771	1	1
HMR_6790	1	1
HMR_6838	1	1
HMR_6839	1	1
HMR_6844	1	1
HMR_6850	1	1
HMR_6874	1	1
HMR_6907	1	1
HMR_6908	1	1
HMR_6909	1	1
HMR_6910	1	1
HMR_6929	1	1
HMR_6939	1	1
HMR_6975	1	1
HMR_6976	1	1
HMR_6977	1	1
HMR_6984	1	1
HMR_6992	1	1
HMR_6993	1	1
HMR_6994	1	1
HMR_6996	1	1
HMR_6999	1	1
HMR_7000	1	1
HMR_7002	1	1
HMR_7004	1	1
HMR_7005	1	1
HMR_7014	1	1
HMR_7017	1	1
HMR_7018	1	1
HMR_7019	1	1
HMR_7020	1	1
HMR_7023	1	1
HMR_7030	1	1
HMR_7033	1	1
HMR_7035	1	1
HMR_7036	1	1
HMR_7038	1	1
HMR_7039	1	1
HMR_7040	1	1
HMR_7042	1	1
HMR_7044	1	1
HMR_7048	1	1
HMR_7051	1	1
HMR_7052	1	1
HMR_7053	1	1
HMR_7054	1	1
HMR_7055	1	1
HMR_7056	1	1
HMR_7057	1	1
HMR_7058	1	1
HMR_7059	1	1
HMR_7060	1	1
HMR_7061	1	1
HMR_7065	1	1
HMR_7066	1	1
HMR_7078	1	1
HMR_7081	1	1
HMR_7082	1	1
HMR_7088	1	1
HMR_7091	1	1
HMR_7096	1	1
HMR_7145	1	1
HMR_7168	1	1
HMR_7186	1	1
HMR_7617	1	1
HMR_7618	1	1
HMR_7619	1	1
HMR_7628	1	1
HMR_7652	1	1
HMR_7677	1	1
HMR_7678	1	1
HMR_7698	1	1
HMR_7703	1	1
HMR_7745	1	1
HMR_7746	1	1
HMR_7747	1	1
HMR_7748	1	1
HMR_7749	1	1
HMR_7755	1	1
HMR_7756	1	1
HMR_8501	1	1
HMR_8582	1	1
HMR_8608	1	1
HMR_8761	1	1
HMR_8796	1	1
HMR_9493	1	1
HMR_9495	1	1
HMR_9500	1	1
HMR_9501	1	1
HMR_9504	1	1
HMR_9506	1	1
HMR_9507	1	1
HMR_9509	1	1
HMR_9510	1	1
HMR_9511	1	1
HMR_9512	1	1
HMR_9514	1	1
HMR_9515	1	1
HMR_9516	1	1
HMR_9517	1	1
HMR_9519	1	1
HMR_9520	1	1
HMR_9521	1	1
HMR_9525	1	1
HMR_9527	1	1
HMR_9528	1	1
HMR_9534	1	1
HMR_9535	1	1
HMR_9538	1	1
HMR_9543	1	1
HMR_9545	1	1
HMR_9546	1	1
HMR_9549	1	1
HMR_9550	1	1
HMR_9719	1	1
HMR_9722	1	1
HMR_9734	1	1
HMR_9799	1	1
HMR_9800	1	1
HMR_9801	1	1
HMR_9802	1	1
HMR_9804	1	1
HMR_9807	1	1
HMR_2957	1	1
HMR_6580	1	1
HMR_6588	1	1
HMR_1635	1	1
HMR_1048	1	1
HMR_1484	1	1
HMR_6686	1	1
HMR_1264	1	1
HMR_1233	1	1
HMR_1151	1	1
HMR_1467	1	1
HMR_4816	1	1
HMR_1644	1	1
HMR_4772	1	1
HMR_1147	1	1
HMR_1049	1	1
HMR_1018	1	1
HMR_1149	1	1
CDCA6AH	1	1
DCA3GSc	1	1
DCA3GSr	1	1
TCDCA6AH	1	1
41R1H2MAE12BOOX	1	1
A_MANASE	1	1
A_MANASEly	1	1
ACNAM9PL	1	1
ACNAM9PL2	1	1
ADK1m	1	2
ADKd	1	2
ADPGLC	1	1
ADPMAN	1	1
ADPRDPm	1	1
ADSL1	1	1
ADSL2	1	1
AGMTm	1	1
ALDD2xm	1	1
ALDD2y	1	1
AMPTASECGe	2	1
AMY1e	1	1
AP4AH1	2	1
ARGNm	1	1
ARGSS	1	2
ASAH1	1	1
ASPCTr	1	1
B_MANNASEly	1	1
BACCL	1	1
BACCLm	1	1
BDG2HCGHD	1	1
BTND1	1	1
BTND1n	1	1
BTNDe	1	1
BTNDm	1	1
BTNPL	1	1
BTNPLm	1	1
CBLATm	1	1
CBPPer	1	1
CBPSam	1	1
CDIPTr	1	2
CDS	1	1
CDSm	1	1
CHLPCTD	1	1
CLS_hs	1	2
CMPSAS	1	1
CMPSASn	1	1
COKECBESr	2	1
CORE2GTg	1	1
CORE4GTg	1	1
CPCTDTX	1	1
CYTK12	1	2
CYTK12n	1	2
CYTK6	1	2
CYTK6n	1	2
DMATTx	1	1
DMGDHm	1	1
DRPA	2	1
EGMESTr	1	1
EHGLAT2m	1	1
EPCTX	1	1
F1PGT	1	1
FA120ACPH	1	1
FA140ACPH	1	1
FA160ACPH	1	1
FADDP	1	1
FALDH	1	1
FBA4	2	1
FBA5	2	1
FCLTm	1	1
FDH	1	1
FE3R2e	1	1
FKYNH	1	1
FPGS2	1	1
FPGS2m	1	1
FPGS3	1	1
FPGS3m	1	1
FPGS4	1	1
FPGS4m	1	1
FPGS5	1	1
FPGS5m	1	1
FPGS6	1	1
FPGS6m	1	1
FPGS7m	1	1
FPGS8	1	1
FPGS8m	1	1
FPGS9	1	1
FPGS9m	1	1
FPGSm	1	1
FTHFLm	1	1
FUMAC	1	1
GALC	1	1
GBA	1	1
GBAl	1	1
GGH_10FTHF5GLUe	1	1
GGH_10FTHF5GLUl	1	1
GGH_10FTHF6GLUe	1	1
GGH_10FTHF6GLUl	1	1
GGH_10FTHF7GLUe	1	1
GGH_10FTHF7GLUl	1	1
GGH_5DHFe	1	1
GGH_5DHFl	1	1
GGH_5THFe	1	1
GGH_5THFl	1	1
GGH_6DHFe	1	1
GGH_6DHFl	1	1
GGH_6THFe	1	1
GGH_6THFl	1	1
GGH_7DHFe	1	1
GGH_7DHFl	1	1
GGH_7THFe	1	1
GGH_7THFl	1	1
GGLUCT	2	1
GGT5r	1	1
GHMT3	1	1
GHMT3m	1	1
GLAl	1	1
GLCAASE9ly	2	1
GLYOXm	1	1
GRTTx	1	1
GTHS	1	1
GTPCIn	1	1
HBZOPT10m	1	1
HKYNH	1	1
IDHPOXOX2b	1	1
IDHPOXOX3	1	2
IDHPOXOX4	1	1
IDHPOXOXb	1	1
KYN	1	1
LACZe	2	1
LACZly	2	1
LALDO	1	1
LFORKYNHYD	1	1
LNS14DM	1	1
LPASE	1	1
LPS3	1	1
LPS3e	1	1
LTC4Sr	1	1
METAT	1	1
MLTG1	1	1
MLTG1e	1	1
MLTG1ly	1	1
MTAP	1	1
NADNe	1	1
NADPNe	1	1
NBAHH_ir	2	1
NMNATm	1	1
NMNATn	1	1
NMNATr	1	1
NMNS	1	1
NNATm	1	1
NNATn	1	1
NOS2	1	1
NP1	1	1
O16G2e	1	1
OCBTm	1	1
ORPT	1	1
P45011A1m	1	1
P45017A2r	1	1
P45017A4r	1	1
P45019A1r	1	1
P45019A2r	1	1
P4502C18	1	1
PCHOLP_hs	2	1
PCHOLPg_hs	2	1
PCHOLPm_hs	2	1
PCHOLPr_hs	2	1
PETHCT	1	1
PGPPT	1	1
PRAGSr	1	1
PRASCS	1	1
PTHPS	1	1
PTHPSn	1	1
PYNP2r	2	1
SACCD3m	1	2
SACCD4m	1	1
SARCOXp	1	1
SCP2x	1	1
SCPx	1	1
SEAHCYSHYD	1	1
SELADT	1	1
SELCYSLY2	1	1
SELCYSTGL	1	1
SELCYSTS	1	1
SELMETAT	1	1
SFGTH	1	1
SGPL11r	1	1
SGPL12r	1	1
SMPD4	1	1
SOAT11	1	1
SOAT11r	1	1
SOAT12	1	1
SOAT12r	1	1
SUCRe	2	1
SULFOX	1	1
TMDPP	1	1
TMLYSOX	1	1
TYR3MO2	1	1
UAG2EMAi	1	1
UDPGP	1	1
UGCG	1	1
UMPK3	1	2
UMPK3n	1	2
XYLTer	1	1
r0024	1	1
r0034	1	1
r0093	1	1
r0113	1	1
r0129	1	1
r0130	1	1
r0145	1	1
r0163	1	1
r0193	1	1
r0208	1	1
r0210	1	1
r0239	1	1
r0283	1	2
r0319	1	1
r0383	1	1
r0384	1	1
r0391	1	1
r0399	1	1
r0403	1	1
r0407	2	1
r0451	1	2
r0465	1	2
r0525	1	1
r0537	1	1
r0568	2	1
r0584	1	1
r0590	1	1
r0591	1	1
r0595	1	1
r0627	2	1
r0641	1	1
r0648	1	1
r0649	1	1
r0668	1	1
r0678	1	1
r0713	1	1
r0737	1	1
r0760	1	1
r0764	1	1
r0766	1	1
r0768	1	1
r0772	1	1
r0775	1	1
r0776	1	1
r0781	1	1
r0786	1	1
r1172	1	1
r1173	1	1
r1174	1	1
r1175	1	1
r1176	1	1
r1177	1	1
r1178	1	1
r1179	1	1
r1180	1	1
r1181	1	1
r1183	1	1
r1184	1	1
r1313	1	1
r1317	1	1
r1382	1	1
r1383	1	1
r1411	1	1
RE0915E	1	1
RE0926E	1	1
RE0935E	1	1
RE0936C	1	1
RE0936E	1	1
RE0937C	1	1
RE0937E	1	1
RE0938C	1	1
RE0938E	1	1
RE0944E	1	1
RE0958E	1	1
RE1050C	1	1
RE1050E	1	1
RE1050L	1	1
RE1050N	1	1
RE1062M	2	1
RE1537X	1	1
RE1538X	1	1
RE1539X	1	1
RE1635M	1	1
RE1635R	1	1
RE1635X	1	1
RE1691M	1	1
RE1815M	1	1
RE1815R	1	1
RE1815X	1	1
RE1816M	1	1
RE1816R	1	1
RE1816X	1	1
RE1817M	1	1
RE1817R	1	1
RE1817X	1	1
RE1818M	1	1
RE1818R	1	1
RE1818X	1	1
RE1836M	1	1
RE1836X	1	1
RE1846C	1	1
RE1846X	1	1
RE1916X	1	1
RE2269E	1	1
RE2270E	1	1
RE2272L	2	1
RE2273E	1	1
RE2296X	1	1
RE2304E	3	1
RE2306C	1	1
RE2318M	1	1
RE2318R	1	1
RE2318X	1	1
RE2319M	1	1
RE2319R	1	1
RE2319X	1	1
RE2443M	1	1
RE2445C	2	1
RE2445E	2	1
RE2474R	1	1
RE2514C	1	1
RE2514E	1	1
RE2514L	1	1
RE2514N	1	1
RE2522X	1	1
RE2523X	1	1
RE2524X	1	1
RE2525X	1	1
RE2541C	1	1
RE2541E	1	1
RE2541L	1	1
RE2637C	1	1
RE2637X	1	1
RE2638C	1	1
RE2638X	1	1
RE2717L	1	1
RE2768R	1	1
RE2888C	1	1
RE2888E	1	1
RE2888N	1	1
RE3066X	1	1
RE3072X	1	1
RE3273C	2	1
RE3273G	2	1
RE3273R	2	1
RE3381C	1	1
RE3381E	1	1
RE3381L	1	1
RE3521M	1	1
RE3521R	1	1
RE3521X	1	1
RE3532M	1	1
RE3532R	1	1
RE3533M	1	1
RE3533R	1	1
RE3534M	1	1
RE3534R	1	1
RE3554M	1	1
RE3554R	1	1
RE3557M	1	1
RE3557R	1	1
FADDPle	1	1
XOLEST183CEH	1	1
XOLEST182CEH	1	1
XOLEST181CEH	1	1
XOLEST205CEH	1	1
XOLEST204CEH	1	1
XOLEST226CEH	1	1
GPDDACHOL	1	1
ADK1	1	2
ADPT	1	1
ADSS	1	1
AMPTASECG	2	1
ARGN	1	1
CBPS	1	1
CTPS2	1	1
CYSTGL	1	1
CYSTS	1	2
DMATT	1	1
DURIPP	1	1
FBA2	2	1
FMNAT	1	1
FPGS7	1	1
FRTT	1	1
GALU	1	1
GF6PTA	1	1
GMPS2	1	1
GRTT	1	1
GTPCI	1	1
GUAPRT	1	1
MAN1PT2	1	1
NNATr	1	1
NNDPR	1	1
PNP	1	1
PPNCL3	1	1
PTPAT	1	1
PUNP1	1	1
PUNP2	1	1
PUNP3	1	1
PUNP4	1	1
PUNP5	1	1
PUNP6	1	1
PUNP7	1	1
SPMS	1	1
TKT1	2	2
TKT2	2	2
UAGDP	1	1
r0318	1	1
r0671	1	1
FPGS	1	1
NADS2	1	1
ALDD2x	1	1
ARGSL	2	1
GALT	1	1
GLUPRT	1	1
GLYOX	1	1
HXPRT	1	1
LGTHL	1	1
PRFGS	1	1
TMDS	1	1
FTHFL	1	1
AHC	1	1
GGTe_1	1	1
DACGST	1	1
ACER11r	1	1
ACER22g	1	1
ACER23g	1	1
ACER31r	1	1
BGAL1l	1	1
BGAL2l	1	1
BGAL3l	1	1
GBA2e	1	1
NEU21	1	1
NEU22	1	1
NEU23	1	1
NEU24	1	1
NEU25	1	1
NEU32e	1	1
NEU33e	1	1
NEU34e	1	1
NEU35e	1	1
NEU36e	1	1
NEU37e	1	1
NEU38n	1	1
NEU39e	1	1
HMR_0005	1	1
HMR_0487	1	1
HMR_0489	1	1
HMR_0491	1	1
HMR_0495	1	1
HMR_0497	1	1
HMR_0498	1	1
HMR_0500	1	1
HMR_0504	1	1
HMR_0506	1	1
HMR_0508	1	1
HMR_0509	1	1
HMR_0510	1	1
HMR_0512	1	1
HMR_0513	1	1
HMR_0515	1	1
HMR_0516	1	1
HMR_0517	1	1
HMR_0530	1	1
HMR_0531	1	1
HMR_0532	1	1
HMR_0533	1	1
HMR_0542	1	1
HMR_0543	1	1
HMR_0544	1	1
HMR_0582	1	1
HMR_0586	1	1
HMR_0607	1	1
HMR_0613	1	1
HMR_0625	1	1
HMR_0629	1	1
HMR_0633	1	1
HMR_0645	2	1
HMR_0646	1	1
HMR_0663	1	1
HMR_0679	1	1
HMR_0680	1	1
HMR_0681	1	1
HMR_0682	1	1
HMR_0683	1	1
HMR_0684	1	1
HMR_0706	1	1
HMR_0716	1	1
HMR_0753	1	1
HMR_0761	1	1
HMR_0793	1	1
HMR_0819	1	1
HMR_0830	1	1
HMR_0834	1	1
HMR_0847	1	1
HMR_1081	1	1
HMR_1085	1	1
HMR_1479	1	1
HMR_1532	1	1
HMR_1539	1	1
HMR_1653	1	1
HMR_1710	1	1
HMR_1929	1	1
HMR_1958	1	1
HMR_3505	1	1
HMR_3538	1	1
HMR_3540	1	1
HMR_3541	1	1
HMR_3544	1	1
HMR_3547	1	1
HMR_3548	1	1
HMR_3549	1	1
HMR_3558	1	1
HMR_3559	1	1
HMR_3561	1	1
HMR_3566	1	1
HMR_3567	1	1
HMR_3571	1	1
HMR_3574	1	1
HMR_3577	1	1
HMR_3578	1	1
HMR_3581	1	1
HMR_3588	1	1
HMR_3590	1	1
HMR_3594	1	1
HMR_3595	1	1
HMR_3628	1	1
HMR_3636	1	1
HMR_3645	1	1
HMR_3648	1	1
HMR_3654	1	1
HMR_3681	1	1
HMR_3682	1	1
HMR_3684	1	1
HMR_3686	1	1
HMR_3687	1	1
HMR_3690	1	1
HMR_3694	1	1
HMR_3695	1	1
HMR_3704	1	1
HMR_3705	1	1
HMR_3707	1	1
HMR_3712	1	1
HMR_3713	1	1
HMR_3717	1	1
HMR_3723	1	1
HMR_3724	1	1
HMR_3727	1	1
HMR_3734	1	1
HMR_3736	1	1
HMR_3740	1	1
HMR_3741	1	1
HMR_3859	1	1
HMR_4227	1	1
HMR_4263	1	1
HMR_4343	1	1
HMR_4700	1	1
HMR_4762	1	1
HMR_4776	1	1
HMR_4777	1	1
HMR_5336	1	1
HMR_5388	1	1
HMR_5389	1	1
HMR_6515	1	1
HMR_6601	1	1
HMR_6635	1	1
HMR_6717	1	1
HMR_6728	1	1
HMR_6747	1	1
HMR_6793	1	1
HMR_6794	1	1
HMR_6826	1	1
HMR_6827	1	1
HMR_6834	1	1
HMR_6835	1	1
HMR_6840	1	1
HMR_6841	1	1
HMR_6848	1	1
HMR_6849	1	1
HMR_6854	1	1
HMR_6855	1	1
HMR_6985	1	1
HMR_6995	1	1
HMR_6998	1	1
HMR_7003	1	1
HMR_7013	1	1
HMR_7022	1	1
HMR_7029	1	1
HMR_7041	1	1
HMR_7050	1	1
HMR_7079	1	1
HMR_7080	1	1
HMR_7083	1	1
HMR_7084	1	1
HMR_7089	1	1
HMR_7092	1	1
HMR_7093	1	1
HMR_7097	1	1
HMR_7099	2	1
HMR_7100	1	1
HMR_7137	1	1
HMR_7141	1	1
HMR_7147	1	1
HMR_7170	1	1
HMR_7185	1	1
HMR_7188	1	1
HMR_7265	1	1
HMR_7599	1	1
HMR_7604	1	1
HMR_7605	1	1
HMR_7606	1	1
HMR_7607	1	1
HMR_7610	1	1
HMR_7623	1	1
HMR_7624	1	1
HMR_7626	1	1
HMR_7744	2	1
HMR_8211	1	1
HMR_8578	1	1
HMR_8579	1	1
HMR_8580	1	1
HMR_8643	2	1
HMR_8746	1	1
HMR_8762	2	1
HMR_9484	2	1
HMR_9496	1	1
HMR_9497	2	1
HMR_9499	1	1
HMR_9505	1	1
HMR_9508	1	1
HMR_9529	1	1
HMR_9530	1	1
HMR_9531	1	1
HMR_9532	1	1
HMR_9536	1	1
HMR_9537	2	1
HMR_9539	1	1
HMR_9547	1	1
HMR_9548	1	1
HMR_9551	1	1
HMR_9805	1	1
2AMADPTm	1	1
2AMADPTm	1	1
2OXOADPTm	1	1
2OXOADPTm	1	1
ASNS1	1	1
ASNS1	1	1
BBHOX	1	1
BHMT	1	1
BHMT	1	1
CATm	1	1
CATp	1	1
DOPABMO	1	1
DOPABMO	1	1
GluForTx	1	1
GluForTx	1	1
GLYAMDTRc	1	1
GLYAMDTRc	1	1
GTMLTe	1	1
GTMLTe	1	1
H2CO3Dm	1	1
HMGLm	2	1
HMGLx	2	1
HOXG	1	1
LCAT1e	1	1
LCAT1e	1	1
L_LACDcm	1	1
MCPST	1	1
MCPST	1	1
METS	1	1
METS	1	1
PHETHPTOX2	1	1
PPAer	1	1
PPAm	1	1
SELCYSLY	1	1
SPODMe	1	1
SPODMm	1	1
SPODMn	1	1
SPODMx	1	1
SPRMS	1	1
SPRMS	1	1
TAURtcx	1	1
TAURtcx	1	1
TRPHYDRO2	1	1
r0009	1	1
r0531	1	1
r0531	1	1
r0620	1	1
r1156	1	1
r1156	1	1
r1418	1	1
FAOXC15NADPx	1	1
FAOXC15NADx	1	1
FBA	2	1
H2CO3D	1	1
PPA	1	1
SPODM	1	1
TALA	2	2
r0010	1	1
ADPRDP	1	1
UGLT	1	1
UGLT	1	1
HMR_0634	1	1
HMR_0634	1	1
HMR_8585	1	1
HMR_8585	1	1
HMR_9518	1	1
HMR_9518	1	1
HMR_9542	1	1
HMR_9542	1	1
HMR_9575	1	1
HMR_9575	1	1
